trial,response,rt,acc
0,z,0.2541251430011471,1
1,z,0.8062130069956766,1
2,z,0.30298696699901484,1
